<?xml version="1.0"?>
<WLANProfile xmlns="http://www.microsoft.com/networking/WLAN/profile/v1">
    <name>h04x</name>
    <SSIDConfig>
        <SSID>
            <name>h04x</name>
        </SSID>
    </SSIDConfig>
    <connectionType>ESS</connectionType>
    <connectionMode>auto</connectionMode>
    <MSM>
        <security>
            <authEncryption>
                <authentication>WPA2PSK</authentication>
                <encryption>AES</encryption>
                <useOneX>false</useOneX>
            </authEncryption>
            <sharedKey>
                <keyType>passPhrase</keyType>
                <protected>false</protected>
                <keyMaterial>hiop12345</keyMaterial>
            </sharedKey>
        </security>
    </MSM>
    <MacRandomization xmlns="http://www.microsoft.com/networking/WLAN/profile/v3">
        <enableRandomization>false</enableRandomization>
    </MacRandomization>
</WLANProfile>